<?xml version="1.0" encoding="UTF-8"?>
<root>
  <item name="com.chad.library.adapter.base.BaseQuickAdapter void openLoadAnimation(int) 0">
    <annotation name="android.support.annotation.IntDef">
      <val name="value" val="{com.chad.library.adapter.base.BaseQuickAdapter.ALPHAIN, com.chad.library.adapter.base.BaseQuickAdapter.SCALEIN, com.chad.library.adapter.base.BaseQuickAdapter.SLIDEIN_BOTTOM, com.chad.library.adapter.base.BaseQuickAdapter.SLIDEIN_LEFT, com.chad.library.adapter.base.BaseQuickAdapter.SLIDEIN_RIGHT}" />
    </annotation>
  </item>
  <item name="com.chad.library.adapter.base.BaseQuickAdapter.AnimationType">
    <annotation name="android.support.annotation.IntDef">
      <val name="value" val="{com.chad.library.adapter.base.BaseQuickAdapter.ALPHAIN, com.chad.library.adapter.base.BaseQuickAdapter.SCALEIN, com.chad.library.adapter.base.BaseQuickAdapter.SLIDEIN_BOTTOM, com.chad.library.adapter.base.BaseQuickAdapter.SLIDEIN_LEFT, com.chad.library.adapter.base.BaseQuickAdapter.SLIDEIN_RIGHT}" />
    </annotation>
  </item>
</root>

